alert_id,rule,card_id,txn_id,event_time,details
R3:B-000081,R3,2003,B-000081,2026-10-05T10:06:21.832,amount 3322.17 vs avg 253.53
R1:B-000097,R1,2018,B-000097,2026-10-05T10:06:55.272,5 txns in 60s
R1:A-000118,R1,1009,A-000118,2026-10-05T10:07:14.678,5 txns in 60s
R1:A-000141,R1,1017,A-000141,2026-10-05T10:08:36.246,5 txns in 60s
R3:B-000140,R3,2004,B-000140,2026-10-05T10:10:03.380,amount 6005.36 vs avg 772.54
R2:A-000164,R2,1004,A-000164,2026-10-05T10:10:47.909,Ahmedabad->Bengaluru 1237 km in 274s (16269 km/h)
R3:B-000157,R3,2005,B-000157,2026-10-05T10:11:06.860,amount 3392.52 vs avg 352.73
R2:A-000176,R2,1001,A-000176,2026-10-05T10:12:03.875,Jaipur->Kochi 1890 km in 199s (34224 km/h)
R2:A-000184,R2,1008,A-000184,2026-10-05T10:12:32.791,Chennai->Guwahati 1881 km in 182s (37167 km/h)
