txn_id,card_id,amount,merchant,city,lat,lon,event_time
A-000001,1012,4662.05,M-517,Jaipur,26.90862,75.77757,2026-10-05T10:00:00.069
A-000002,1018,3452.39,M-527,Jaipur,26.91387,75.79149,2026-10-05T10:00:02.725
A-000003,1008,909.03,M-698,Chennai,13.0811,80.2788,2026-10-05T10:00:04.649
A-000004,1005,324.64,M-235,Lucknow,26.84745,80.94632,2026-10-05T10:00:04.919
A-000005,1017,945.73,M-885,Jaipur,26.91098,75.78852,2026-10-05T10:00:07.333
A-000006,1003,568.69,M-652,Kolkata,22.57473,88.37319,2026-10-05T10:00:14.452
A-000007,1013,3385.98,M-993,Guwahati,26.13647,91.73887,2026-10-05T10:00:22.800
A-000008,1007,2716.83,M-734,Lucknow,26.84238,80.94948,2026-10-05T10:00:24.364
A-000009,1010,1420.33,M-703,Lucknow,26.85147,80.94173,2026-10-05T10:00:33.208
A-000010,1001,675.5,M-194,Jaipur,26.92154,75.78403,2026-10-05T10:00:38.993
A-000011,1014,3244.84,M-794,Bengaluru,12.97433,77.59702,2026-10-05T10:00:39.493
A-000012,1019,1700.59,M-825,Pune,18.52364,73.84928,2026-10-05T10:00:40.733
A-000013,1002,2053.27,M-371,Kochi,9.93949,76.26648,2026-10-05T10:00:41.076
A-000014,1016,1713.28,M-590,Pune,18.52968,73.84792,2026-10-05T10:00:44.739
A-000015,1009,3812.62,M-142,Ahmedabad,23.02842,72.57272,2026-10-05T10:00:46.013
A-000016,1020,1840.21,M-592,Kolkata,22.58006,88.35494,2026-10-05T10:00:47.062
A-000017,1008,1660.37,M-405,Chennai,13.08224,80.27955,2026-10-05T10:00:48.203
A-000018,1006,1381.28,M-297,Pune,18.51495,73.84717,2026-10-05T10:00:51.843
A-000019,1015,2076.32,M-201,Guwahati,26.13759,91.7345,2026-10-05T10:00:54.563
A-000020,1004,609.27,M-160,Ahmedabad,23.01677,72.56942,2026-10-05T10:00:55.395
A-000021,1017,1841.88,M-773,Jaipur,26.91525,75.77783,2026-10-05T10:00:57.877
A-000022,1018,1672.22,M-732,Jaipur,26.92172,75.78074,2026-10-05T10:00:57.932
A-000023,1011,2824.24,M-819,Kolkata,22.56723,88.36804,2026-10-05T10:00:59.401
A-000024,1019,3466.6,M-932,Pune,18.51793,73.86253,2026-10-05T10:01:04.498
A-000025,1013,1954.51,M-432,Guwahati,26.14049,91.72678,2026-10-05T10:01:09.454
A-000026,1009,1838.44,M-449,Ahmedabad,23.01991,72.57152,2026-10-05T10:01:18.870
A-000027,1014,5684.6,M-199,Bengaluru,12.97522,77.58734,2026-10-05T10:01:21.954
A-000028,1010,2251.65,M-298,Lucknow,26.84236,80.93821,2026-10-05T10:01:22.694
A-000029,1008,1548.05,M-717,Chennai,13.08765,80.27162,2026-10-05T10:01:30.397
A-000030,1003,1426.87,M-787,Kolkata,22.57686,88.36188,2026-10-05T10:01:33.101
A-000031,1015,4221.99,M-806,Guwahati,26.15328,91.73179,2026-10-05T10:01:39.749
A-000032,1005,446.7,M-820,Lucknow,26.83985,80.95287,2026-10-05T10:01:39.896
A-000033,1011,2098.29,M-923,Kolkata,22.57842,88.3657,2026-10-05T10:01:44.909
A-000034,1016,2406.34,M-554,Pune,18.51256,73.86095,2026-10-05T10:01:50.011
A-000035,1001,676.25,M-144,Jaipur,26.90928,75.78259,2026-10-05T10:01:54.106
A-000036,1004,367.38,M-813,Ahmedabad,23.0282,72.5671,2026-10-05T10:01:56.375
A-000037,1003,1021.66,M-330,Kolkata,22.57295,88.35632,2026-10-05T10:01:58.843
A-000038,1008,1545.13,M-498,Chennai,13.07816,80.27041,2026-10-05T10:02:17.364
A-000039,1018,1914.35,M-208,Jaipur,26.90964,75.78603,2026-10-05T10:02:21.954
A-000040,1001,1018.88,M-665,Jaipur,26.92186,75.78487,2026-10-05T10:02:31.537
A-000041,1019,1116.51,M-639,Pune,18.52934,73.86664,2026-10-05T10:02:34.264
A-000042,1017,1471.16,M-416,Jaipur,26.90601,75.79135,2026-10-05T10:02:34.502
A-000043,1015,2180.04,M-201,Guwahati,26.15351,91.74331,2026-10-05T10:02:36.482
A-000044,1014,5828.16,M-693,Bengaluru,12.96778,77.59342,2026-10-05T10:02:40.372
A-000045,1018,1421.47,M-417,Jaipur,26.91288,75.78522,2026-10-05T10:02:42.494
A-000046,1012,3977.21,M-610,Jaipur,26.90475,75.79394,2026-10-05T10:02:42.544
A-000047,1009,1303.23,M-470,Ahmedabad,23.0223,72.57007,2026-10-05T10:02:44.291
A-000048,1007,1039.95,M-330,Lucknow,26.85172,80.94966,2026-10-05T10:02:49.952
A-000049,1005,460.41,M-779,Lucknow,26.85006,80.94729,2026-10-05T10:02:58.202
A-000050,1013,3351.86,M-643,Guwahati,26.142,91.72911,2026-10-05T10:02:58.241
A-000051,1015,3956.79,M-162,Guwahati,26.15253,91.7391,2026-10-05T10:03:07.021
A-000052,1006,2248.02,M-459,Pune,18.51179,73.86217,2026-10-05T10:03:08.371
A-000053,1002,1929.99,M-470,Kochi,9.92977,76.26897,2026-10-05T10:03:10.616
A-000054,1011,4103.02,M-372,Kolkata,22.57349,88.36685,2026-10-05T10:03:12.829
A-000055,1019,2380.83,M-449,Pune,18.51658,73.86572,2026-10-05T10:03:22.785
A-000056,1018,2499.69,M-748,Jaipur,26.91798,75.77883,2026-10-05T10:03:27.604
A-000057,1008,713.0,M-578,Chennai,13.08079,80.264,2026-10-05T10:03:31.744
A-000058,1007,2225.65,M-725,Lucknow,26.83762,80.95588,2026-10-05T10:03:35.308
A-000059,1005,369.82,M-451,Lucknow,26.84234,80.94041,2026-10-05T10:03:44.825
A-000060,1012,3622.09,M-594,Jaipur,26.91651,75.78561,2026-10-05T10:03:45.934
A-000061,1006,2818.11,M-128,Pune,18.53002,73.85742,2026-10-05T10:03:50.095
A-000062,1003,941.71,M-160,Kolkata,22.56274,88.36806,2026-10-05T10:03:50.993
A-000063,1020,4807.84,M-971,Kolkata,22.56465,88.37082,2026-10-05T10:03:51.082
A-000064,1001,541.65,M-296,Jaipur,26.92011,75.78453,2026-10-05T10:03:53.824
A-000065,1016,1793.63,M-661,Pune,18.5159,73.85936,2026-10-05T10:03:55.372
A-000066,1008,1207.46,M-185,Chennai,13.08454,80.27396,2026-10-05T10:04:02.169
A-000067,1018,1288.72,M-844,Jaipur,26.92052,75.78429,2026-10-05T10:04:04.214
A-000068,1012,2638.31,M-239,Jaipur,26.92084,75.78746,2026-10-05T10:04:09.835
A-000069,1019,3996.75,M-179,Pune,18.51493,73.84945,2026-10-05T10:04:10.786
A-000070,1007,1561.13,M-606,Lucknow,26.84059,80.95013,2026-10-05T10:04:11.825
A-000071,1014,2676.19,M-525,Bengaluru,12.97979,77.59113,2026-10-05T10:04:21.413
A-000072,1005,191.35,M-966,Lucknow,26.84198,80.94597,2026-10-05T10:04:25.975
A-000073,1020,2004.91,M-193,Kolkata,22.57287,88.37052,2026-10-05T10:04:26.180
A-000074,1017,1658.67,M-773,Jaipur,26.90603,75.78017,2026-10-05T10:04:31.622
A-000075,1018,1732.01,M-177,Jaipur,26.90546,75.79248,2026-10-05T10:04:34.547
A-000076,1004,1013.04,M-159,Ahmedabad,23.0156,72.56733,2026-10-05T10:04:34.681
A-000077,1011,1952.39,M-395,Kolkata,22.57758,88.36528,2026-10-05T10:04:38.675
A-000078,1008,1069.88,M-488,Chennai,13.08193,80.26171,2026-10-05T10:04:40.580
A-000079,1009,3471.83,M-851,Ahmedabad,23.02665,72.57011,2026-10-05T10:04:40.753
A-000080,1013,2207.63,M-724,Guwahati,26.1381,91.7297,2026-10-05T10:04:57.965
A-000081,1016,2055.26,M-617,Pune,18.52235,73.8526,2026-10-05T10:05:05.770
A-000082,1009,2240.66,M-893,Ahmedabad,23.02482,72.57979,2026-10-05T10:05:09.268
A-000083,1018,2038.44,M-678,Jaipur,26.9176,75.78628,2026-10-05T10:05:15.201
A-000084,1002,1770.56,M-742,Kochi,9.92214,76.25949,2026-10-05T10:05:15.344
A-000085,1012,3394.66,M-906,Jaipur,26.9182,75.7856,2026-10-05T10:05:20.986
A-000086,1019,1327.85,M-856,Pune,18.52055,73.8575,2026-10-05T10:05:27.931
A-000087,1016,1794.84,M-766,Pune,18.52444,73.86376,2026-10-05T10:05:33.853
A-000088,1004,997.89,M-698,Ahmedabad,23.02746,72.56254,2026-10-05T10:05:50.627
A-000089,1002,928.72,M-710,Kochi,9.93313,76.265,2026-10-05T10:05:53.553
A-000090,1006,2088.85,M-421,Pune,18.51909,73.86127,2026-10-05T10:05:58.471
A-000091,1018,1698.11,M-915,Jaipur,26.91178,75.78993,2026-10-05T10:06:03.039
A-000092,1005,277.47,M-552,Lucknow,26.8563,80.93943,2026-10-05T10:06:03.523
A-000093,1020,4098.08,M-127,Kolkata,22.57162,88.36089,2026-10-05T10:06:05.571
A-000094,1003,541.21,M-684,Kolkata,22.56688,88.35655,2026-10-05T10:06:09.499
A-000095,1001,860.71,M-181,Jaipur,26.90696,75.78309,2026-10-05T10:06:09.866
A-000096,1004,756.65,M-620,Ahmedabad,23.02312,72.56254,2026-10-05T10:06:14.261
A-000097,1002,2226.97,M-214,Kochi,9.92654,76.27012,2026-10-05T10:06:15.837
A-000098,1014,2347.61,M-643,Bengaluru,12.97239,77.60403,2026-10-05T10:06:16.977
A-000099,1007,1671.1,M-981,Lucknow,26.85045,80.95405,2026-10-05T10:06:19.670
A-000100,1019,1557.14,M-266,Pune,18.51302,73.85423,2026-10-05T10:06:22.139
A-000101,1008,801.14,M-384,Chennai,13.07945,80.27829,2026-10-05T10:06:23.460
A-000102,1018,1791.8,M-562,Jaipur,26.91255,75.78351,2026-10-05T10:06:23.582
A-000103,1006,2258.24,M-859,Pune,18.52653,73.86044,2026-10-05T10:06:26.479
A-000104,1001,663.38,M-463,Jaipur,26.91908,75.78055,2026-10-05T10:06:30.322
A-000105,1011,2435.13,M-378,Kolkata,22.56868,88.36195,2026-10-05T10:06:32.995
A-000106,1014,2942.6,M-593,Bengaluru,12.96489,77.60288,2026-10-05T10:06:40.497
A-000107,1016,2773.51,M-333,Pune,18.52771,73.8553,2026-10-05T10:06:42.913
A-000108,1012,2575.62,M-701,Jaipur,26.90806,75.78327,2026-10-05T10:06:49.203
A-000109,1005,328.62,M-807,Lucknow,26.83689,80.9377,2026-10-05T10:06:49.924
A-000110,1015,2324.53,M-565,Guwahati,26.13694,91.74316,2026-10-05T10:06:51.675
A-000111,1002,1518.5,M-836,Kochi,9.92126,76.27174,2026-10-05T10:07:02.366
A-000112,1009,2098.15,M-204,Ahmedabad,23.02644,72.56743,2026-10-05T10:07:02.461
A-000113,1019,1269.17,M-838,Pune,18.52289,73.86475,2026-10-05T10:07:02.463
A-000114,1009,2982.1,M-204,Ahmedabad,23.02644,72.56743,2026-10-05T10:07:05.891
A-000115,1009,2101.81,M-204,Ahmedabad,23.02644,72.56743,2026-10-05T10:07:08.043
A-000116,1009,1576.98,M-204,Ahmedabad,23.02644,72.56743,2026-10-05T10:07:11.424
A-000117,1017,1047.69,M-864,Jaipur,26.91506,75.77791,2026-10-05T10:07:13.418
A-000118,1009,2548.22,M-204,Ahmedabad,23.02644,72.56743,2026-10-05T10:07:14.678
A-000119,1020,2667.95,M-183,Kolkata,22.57008,88.36162,2026-10-05T10:07:24.717
A-000120,1005,530.81,M-251,Lucknow,26.85339,80.94785,2026-10-05T10:07:31.534
A-000121,1015,1836.44,M-151,Guwahati,26.14729,91.74562,2026-10-05T10:07:37.080
A-000122,1013,4680.44,M-246,Guwahati,26.13932,91.74446,2026-10-05T10:07:42.076
A-000123,1002,1323.84,M-991,Kochi,9.92477,76.27555,2026-10-05T10:07:44.180
A-000124,1007,2150.4,M-812,Lucknow,26.8452,80.93972,2026-10-05T10:07:44.986
A-000125,1012,2890.18,M-595,Jaipur,26.91971,75.78623,2026-10-05T10:07:57.513
A-000126,1005,297.88,M-981,Lucknow,26.84399,80.95486,2026-10-05T10:08:01.353
A-000127,1013,1671.61,M-923,Guwahati,26.14369,91.73954,2026-10-05T10:08:04.635
A-000128,1014,4375.21,M-579,Bengaluru,12.97901,77.60068,2026-10-05T10:08:05.767
A-000129,1008,2383.71,M-119,Chennai,13.07775,80.26234,2026-10-05T10:08:09.252
A-000130,1018,1332.1,M-975,Jaipur,26.90814,75.79019,2026-10-05T10:08:19.792
A-000131,1002,2829.73,M-482,Kochi,9.93135,76.26128,2026-10-05T10:08:20.768
A-000132,1010,1018.41,M-229,Lucknow,26.84275,80.95036,2026-10-05T10:08:21.223
A-000133,1020,2687.71,M-765,Kolkata,22.58122,88.37068,2026-10-05T10:08:25.379
A-000134,1017,1058.35,M-965,Jaipur,26.91353,75.7796,2026-10-05T10:08:25.842
A-000135,1017,1253.27,M-965,Jaipur,26.91353,75.7796,2026-10-05T10:08:28.267
A-000136,1013,2530.94,M-453,Guwahati,26.14543,91.72768,2026-10-05T10:08:29.596
A-000137,1017,791.2,M-965,Jaipur,26.91353,75.7796,2026-10-05T10:08:31.581
A-000138,1007,1813.97,M-567,Lucknow,26.84168,80.95317,2026-10-05T10:08:32.214
A-000139,1008,1134.41,M-170,Chennai,13.09174,80.26518,2026-10-05T10:08:33.899
A-000140,1017,1011.52,M-965,Jaipur,26.91353,75.7796,2026-10-05T10:08:34.029
A-000141,1017,1460.85,M-965,Jaipur,26.91353,75.7796,2026-10-05T10:08:36.246
A-000142,1015,3147.65,M-170,Guwahati,26.13702,91.73749,2026-10-05T10:08:44.575
A-000143,1001,596.5,M-723,Jaipur,26.92113,75.79026,2026-10-05T10:08:45.050
A-000144,1018,1128.1,M-910,Jaipur,26.91009,75.78891,2026-10-05T10:08:53.317
A-000145,1012,2039.42,M-429,Jaipur,26.91327,75.78641,2026-10-05T10:08:58.356
A-000146,1006,2920.66,M-438,Pune,18.51903,73.86568,2026-10-05T10:09:10.471
A-000147,1015,3908.82,M-338,Guwahati,26.14623,91.74246,2026-10-05T10:09:11.733
A-000148,1014,1999.27,M-565,Bengaluru,12.96188,77.59533,2026-10-05T10:09:13.831
A-000149,1012,1946.5,M-425,Jaipur,26.91952,75.78552,2026-10-05T10:09:22.065
A-000150,1008,1573.45,M-304,Chennai,13.08778,80.27969,2026-10-05T10:09:30.549
A-000151,1007,1188.79,M-424,Lucknow,26.84732,80.94738,2026-10-05T10:09:33.025
A-000152,1005,202.45,M-462,Lucknow,26.85034,80.94954,2026-10-05T10:09:33.947
A-000153,1019,2222.73,M-554,Pune,18.52393,73.85145,2026-10-05T10:09:35.996
A-000154,1010,1371.0,M-602,Lucknow,26.83923,80.95357,2026-10-05T10:09:37.179
A-000155,1018,3669.14,M-613,Jaipur,26.90616,75.7894,2026-10-05T10:09:46.803
A-000156,1013,2511.15,M-209,Guwahati,26.15449,91.74327,2026-10-05T10:09:59.414
A-000157,1012,4131.55,M-779,Jaipur,26.91863,75.78502,2026-10-05T10:10:03.813
A-000158,1011,2609.93,M-542,Kolkata,22.56421,88.3547,2026-10-05T10:10:19.401
A-000159,1016,1239.6,M-420,Pune,18.51837,73.86129,2026-10-05T10:10:26.474
A-000160,1010,961.99,M-358,Lucknow,26.84351,80.95551,2026-10-05T10:10:27.529
A-000161,1020,2586.13,M-583,Kolkata,22.56337,88.37225,2026-10-05T10:10:28.086
A-000162,1012,4156.7,M-229,Jaipur,26.90544,75.7966,2026-10-05T10:10:33.643
A-000163,1005,268.4,M-985,Lucknow,26.83979,80.9548,2026-10-05T10:10:36.721
A-000164,1004,1294.87,M-692,Bengaluru,12.98043,77.59599,2026-10-05T10:10:47.909
A-000165,1016,1467.17,M-585,Pune,18.51789,73.84975,2026-10-05T10:10:49.577
A-000166,1011,3721.47,M-790,Kolkata,22.56312,88.35848,2026-10-05T10:10:55.706
A-000167,1003,924.71,M-196,Kolkata,22.57206,88.36204,2026-10-05T10:10:56.619
A-000168,1007,2282.14,M-661,Lucknow,26.8468,80.95281,2026-10-05T10:11:11.836
A-000169,1012,2518.24,M-550,Jaipur,26.91979,75.79478,2026-10-05T10:11:17.423
A-000170,1010,2047.73,M-175,Lucknow,26.85314,80.94421,2026-10-05T10:11:29.856
A-000171,1018,1488.12,M-353,Jaipur,26.91249,75.78075,2026-10-05T10:11:31.943
A-000172,1011,4193.87,M-788,Kolkata,22.58162,88.37389,2026-10-05T10:11:32.297
A-000173,1009,2120.94,M-972,Ahmedabad,23.02712,72.56677,2026-10-05T10:11:43.144
A-000174,1006,3047.25,M-619,Pune,18.51289,73.8647,2026-10-05T10:11:47.399
A-000175,1002,2477.37,M-100,Kochi,9.93677,76.26791,2026-10-05T10:12:01.186
A-000176,1001,892.01,M-755,Kochi,9.92879,76.27709,2026-10-05T10:12:03.875
A-000177,1015,2221.65,M-979,Guwahati,26.15251,91.72626,2026-10-05T10:12:04.519
A-000178,1003,568.87,M-846,Kolkata,22.57107,88.36324,2026-10-05T10:12:09.875
A-000179,1009,1695.06,M-784,Ahmedabad,23.02751,72.5728,2026-10-05T10:12:11.152
A-000180,1010,1429.25,M-411,Lucknow,26.83973,80.95242,2026-10-05T10:12:15.489
A-000181,1014,2145.63,M-753,Bengaluru,12.96684,77.59222,2026-10-05T10:12:17.983
A-000182,1007,1725.55,M-869,Lucknow,26.85393,80.9452,2026-10-05T10:12:21.938
A-000183,1006,2015.76,M-230,Pune,18.51845,73.85261,2026-10-05T10:12:25.010
A-000184,1008,763.0,M-323,Guwahati,26.14789,91.73748,2026-10-05T10:12:32.791
A-000185,1009,2002.92,M-317,Ahmedabad,23.02952,72.56504,2026-10-05T10:12:32.973
A-000186,1020,3329.02,M-105,Kolkata,22.57671,88.36287,2026-10-05T10:12:33.480
A-000187,1015,2825.96,M-234,Guwahati,26.1367,91.74353,2026-10-05T10:12:34.725
A-000188,1003,955.72,M-211,Kolkata,22.57716,88.36991,2026-10-05T10:12:39.283
A-000189,1018,2146.0,M-496,Jaipur,26.90968,75.79566,2026-10-05T10:12:40.500
A-000190,1010,885.47,M-710,Lucknow,26.84786,80.94452,2026-10-05T10:12:53.833
A-000191,1016,3583.62,M-675,Pune,18.52153,73.85843,2026-10-05T10:12:56.600
A-000192,1014,4972.04,M-164,Bengaluru,12.97991,77.58903,2026-10-05T10:13:01.583
A-000193,1011,4113.19,M-631,Kolkata,22.57786,88.3574,2026-10-05T10:13:07.902
A-000194,1013,1802.68,M-402,Guwahati,26.146,91.74605,2026-10-05T10:13:17.032
A-000195,1009,1919.15,M-382,Ahmedabad,23.01809,72.57332,2026-10-05T10:13:19.147
A-000196,1017,1156.45,M-419,Jaipur,26.91147,75.78045,2026-10-05T10:13:24.610
A-000197,1015,1986.37,M-859,Guwahati,26.13798,91.72725,2026-10-05T10:13:37.039
A-000198,1011,6521.17,M-750,Kolkata,22.56623,88.36561,2026-10-05T10:13:39.862
A-000199,1020,2375.55,M-533,Kolkata,22.5814,88.36608,2026-10-05T10:13:42.409
A-000200,1019,3097.03,M-344,Pune,18.52608,73.85138,2026-10-05T10:13:49.495
A-000201,1005,223.8,M-901,Lucknow,26.84029,80.95469,2026-10-05T10:14:01.894
A-000202,1012,1725.82,M-436,Jaipur,26.91035,75.77891,2026-10-05T10:14:06.338
A-000203,1011,2530.27,M-264,Kolkata,22.56902,88.35599,2026-10-05T10:14:13.228
A-000204,1003,722.46,M-385,Kolkata,22.57157,88.36234,2026-10-05T10:14:14.749
A-000205,1007,1179.76,M-741,Lucknow,26.85202,80.94663,2026-10-05T10:14:32.440
A-000206,1011,1868.54,M-933,Kolkata,22.56836,88.3728,2026-10-05T10:14:38.690
A-000207,1020,2091.83,M-529,Kolkata,22.56862,88.35485,2026-10-05T10:14:40.378
A-000208,1010,1545.14,M-553,Lucknow,26.84715,80.94521,2026-10-05T10:14:43.263
A-000209,1006,1408.25,M-278,Pune,18.51798,73.86166,2026-10-05T10:14:43.731
A-000210,1002,1976.21,M-951,Kochi,9.92344,76.26456,2026-10-05T10:14:47.517
A-000211,1017,2038.52,M-153,Jaipur,26.91375,75.779,2026-10-05T10:14:48.822
A-000212,1009,2313.4,M-516,Ahmedabad,23.01632,72.56623,2026-10-05T10:14:58.329
A-000213,1011,1873.7,M-985,Kolkata,22.56492,88.36935,2026-10-05T10:14:58.877
