txn_id,card_id,amount,merchant,city,lat,lon,event_time
A-000001,1012,4662.05,M-517,Jaipur,26.90862,75.77757,2026-10-05T10:00:00.069
A-000002,1018,3452.39,M-527,Jaipur,26.91387,75.79149,2026-10-05T10:00:02.725
A-000003,1008,909.03,M-698,Chennai,13.0811,80.2788,2026-10-05T10:00:04.649
B-000001,2010,1597.25,M-294,Chennai,13.09088,80.26494,2026-10-05T10:00:04.744
A-000004,1005,324.64,M-235,Lucknow,26.84745,80.94632,2026-10-05T10:00:04.919
B-000002,2008,416.88,M-650,Chennai,13.08368,80.27012,2026-10-05T10:00:07.093
A-000005,1017,945.73,M-885,Jaipur,26.91098,75.78852,2026-10-05T10:00:07.333
B-000003,2019,1632.81,M-760,Bengaluru,12.97742,77.58956,2026-10-05T10:00:09.846
B-000004,2017,323.43,M-323,Kolkata,22.5778,88.36273,2026-10-05T10:00:13.490
A-000006,1003,568.69,M-652,Kolkata,22.57473,88.37319,2026-10-05T10:00:14.452
B-000005,2005,399.1,M-231,Hyderabad,17.38746,78.48892,2026-10-05T10:00:16.881
B-000006,2014,1398.27,M-808,Chennai,13.08283,80.27911,2026-10-05T10:00:17.479
B-000007,2012,2526.07,M-796,Chennai,13.09152,80.26934,2026-10-05T10:00:20.435
A-000007,1013,3385.98,M-993,Guwahati,26.13647,91.73887,2026-10-05T10:00:22.800
A-000008,1007,2716.83,M-734,Lucknow,26.84238,80.94948,2026-10-05T10:00:24.364
B-000008,2002,1841.65,M-470,Hyderabad,17.37972,78.4896,2026-10-05T10:00:26.096
B-000009,2001,1401.11,M-667,Guwahati,26.14465,91.74597,2026-10-05T10:00:27.426
A-000009,1010,1420.33,M-703,Lucknow,26.85147,80.94173,2026-10-05T10:00:33.208
B-000010,2003,360.94,M-175,Ahmedabad,23.02788,72.57787,2026-10-05T10:00:33.241
B-000011,2007,335.81,M-266,Bengaluru,12.96546,77.58685,2026-10-05T10:00:34.077
B-000012,2020,1722.89,M-375,Mumbai,19.06854,72.88332,2026-10-05T10:00:36.529
A-000010,1001,675.5,M-194,Jaipur,26.92154,75.78403,2026-10-05T10:00:38.993
A-000011,1014,3244.84,M-794,Bengaluru,12.97433,77.59702,2026-10-05T10:00:39.493
B-000013,2004,831.5,M-742,Lucknow,26.84948,80.94616,2026-10-05T10:00:39.523
B-000014,2015,1189.2,M-728,Hyderabad,17.38364,78.47728,2026-10-05T10:00:40.628
A-000012,1019,1700.59,M-825,Pune,18.52364,73.84928,2026-10-05T10:00:40.733
A-000013,1002,2053.27,M-371,Kochi,9.93949,76.26648,2026-10-05T10:00:41.076
B-000015,2016,1444.4,M-467,Ahmedabad,23.02152,72.56247,2026-10-05T10:00:41.605
B-000016,2011,1554.79,M-947,Bengaluru,12.97554,77.5906,2026-10-05T10:00:41.871
B-000017,2006,2141.83,M-143,Kolkata,22.57806,88.35683,2026-10-05T10:00:42.294
B-000018,2009,1957.26,M-884,Pune,18.52659,73.85508,2026-10-05T10:00:43.671
A-000014,1016,1713.28,M-590,Pune,18.52968,73.84792,2026-10-05T10:00:44.739
A-000015,1009,3812.62,M-142,Ahmedabad,23.02842,72.57272,2026-10-05T10:00:46.013
B-000019,2013,1052.56,M-901,Kolkata,22.56812,88.3599,2026-10-05T10:00:46.750
A-000016,1020,1840.21,M-592,Kolkata,22.58006,88.35494,2026-10-05T10:00:47.062
A-000017,1008,1660.37,M-405,Chennai,13.08224,80.27955,2026-10-05T10:00:48.203
A-000018,1006,1381.28,M-297,Pune,18.51495,73.84717,2026-10-05T10:00:51.843
B-000020,2008,611.54,M-638,Chennai,13.08462,80.27645,2026-10-05T10:00:52.744
A-000019,1015,2076.32,M-201,Guwahati,26.13759,91.7345,2026-10-05T10:00:54.563
A-000020,1004,609.27,M-160,Ahmedabad,23.01677,72.56942,2026-10-05T10:00:55.395
B-000021,2001,1549.53,M-465,Guwahati,26.14197,91.74115,2026-10-05T10:00:55.651
B-000022,2018,734.75,M-907,Kochi,9.92381,76.27435,2026-10-05T10:00:56.180
B-000023,2017,646.93,M-560,Kolkata,22.56855,88.37389,2026-10-05T10:00:57.333
A-000021,1017,1841.88,M-773,Jaipur,26.91525,75.77783,2026-10-05T10:00:57.877
A-000022,1018,1672.22,M-732,Jaipur,26.92172,75.78074,2026-10-05T10:00:57.932
A-000023,1011,2824.24,M-819,Kolkata,22.56723,88.36804,2026-10-05T10:00:59.401
B-000024,2019,1091.52,M-897,Bengaluru,12.9736,77.59675,2026-10-05T10:01:00.129
B-000025,2007,335.25,M-445,Bengaluru,12.97597,77.58488,2026-10-05T10:01:02.023
A-000024,1019,3466.6,M-932,Pune,18.51793,73.86253,2026-10-05T10:01:04.498
B-000026,2010,760.99,M-665,Chennai,13.07679,80.279,2026-10-05T10:01:06.565
A-000025,1013,1954.51,M-432,Guwahati,26.14049,91.72678,2026-10-05T10:01:09.454
B-000027,2015,3059.29,M-319,Hyderabad,17.38359,78.47679,2026-10-05T10:01:13.196
A-000026,1009,1838.44,M-449,Ahmedabad,23.01991,72.57152,2026-10-05T10:01:18.870
B-000028,2009,1422.33,M-788,Pune,18.52228,73.85563,2026-10-05T10:01:21.305
A-000027,1014,5684.6,M-199,Bengaluru,12.97522,77.58734,2026-10-05T10:01:21.954
B-000029,2020,1721.97,M-539,Mumbai,19.084,72.8744,2026-10-05T10:01:22.432
A-000028,1010,2251.65,M-298,Lucknow,26.84236,80.93821,2026-10-05T10:01:22.694
B-000030,2003,196.81,M-629,Ahmedabad,23.01398,72.57072,2026-10-05T10:01:25.462
A-000029,1008,1548.05,M-717,Chennai,13.08765,80.27162,2026-10-05T10:01:30.397
A-000030,1003,1426.87,M-787,Kolkata,22.57686,88.36188,2026-10-05T10:01:33.101
B-000031,2019,1217.23,M-761,Bengaluru,12.96537,77.59244,2026-10-05T10:01:36.901
A-000031,1015,4221.99,M-806,Guwahati,26.15328,91.73179,2026-10-05T10:01:39.749
A-000032,1005,446.7,M-820,Lucknow,26.83985,80.95287,2026-10-05T10:01:39.896
B-000032,2005,538.33,M-474,Hyderabad,17.3909,78.48348,2026-10-05T10:01:40.588
B-000033,2011,2936.12,M-195,Bengaluru,12.97876,77.59979,2026-10-05T10:01:41.290
B-000034,2009,1910.86,M-339,Pune,18.52521,73.85475,2026-10-05T10:01:41.549
A-000033,1011,2098.29,M-923,Kolkata,22.57842,88.3657,2026-10-05T10:01:44.909
B-000035,2018,728.51,M-902,Kochi,9.92217,76.25929,2026-10-05T10:01:48.419
B-000036,2008,335.69,M-163,Chennai,13.07426,80.27198,2026-10-05T10:01:49.137
A-000034,1016,2406.34,M-554,Pune,18.51256,73.86095,2026-10-05T10:01:50.011
A-000035,1001,676.25,M-144,Jaipur,26.90928,75.78259,2026-10-05T10:01:54.106
A-000036,1004,367.38,M-813,Ahmedabad,23.0282,72.5671,2026-10-05T10:01:56.375
B-000037,2002,1633.32,M-479,Hyderabad,17.3871,78.49028,2026-10-05T10:01:57.508
A-000037,1003,1021.66,M-330,Kolkata,22.57295,88.35632,2026-10-05T10:01:58.843
B-000038,2010,968.65,M-415,Chennai,13.08203,80.27367,2026-10-05T10:01:59.027
B-000039,2014,1356.79,M-931,Chennai,13.09207,80.27473,2026-10-05T10:02:00.105
B-000040,2009,1852.33,M-396,Pune,18.52592,73.8495,2026-10-05T10:02:03.159
B-000041,2016,3350.79,M-675,Ahmedabad,23.0164,72.56908,2026-10-05T10:02:14.151
A-000038,1008,1545.13,M-498,Chennai,13.07816,80.27041,2026-10-05T10:02:17.364
A-000039,1018,1914.35,M-208,Jaipur,26.90964,75.78603,2026-10-05T10:02:21.954
B-000042,2012,2769.31,M-352,Chennai,13.08814,80.26661,2026-10-05T10:02:23.010
B-000043,2006,1510.27,M-362,Kolkata,22.56953,88.36275,2026-10-05T10:02:24.331
B-000044,2004,681.92,M-926,Lucknow,26.84274,80.9411,2026-10-05T10:02:28.789
A-000040,1001,1018.88,M-665,Jaipur,26.92186,75.78487,2026-10-05T10:02:31.537
A-000041,1019,1116.51,M-639,Pune,18.52934,73.86664,2026-10-05T10:02:34.264
A-000042,1017,1471.16,M-416,Jaipur,26.90601,75.79135,2026-10-05T10:02:34.502
A-000043,1015,2180.04,M-201,Guwahati,26.15351,91.74331,2026-10-05T10:02:36.482
B-000045,2013,967.57,M-708,Kolkata,22.56753,88.3664,2026-10-05T10:02:37.079
A-000044,1014,5828.16,M-693,Bengaluru,12.96778,77.59342,2026-10-05T10:02:40.372
A-000045,1018,1421.47,M-417,Jaipur,26.91288,75.78522,2026-10-05T10:02:42.494
A-000046,1012,3977.21,M-610,Jaipur,26.90475,75.79394,2026-10-05T10:02:42.544
A-000047,1009,1303.23,M-470,Ahmedabad,23.0223,72.57007,2026-10-05T10:02:44.291
B-000046,2009,1872.74,M-342,Pune,18.52585,73.86307,2026-10-05T10:02:47.962
A-000048,1007,1039.95,M-330,Lucknow,26.85172,80.94966,2026-10-05T10:02:49.952
B-000047,2008,254.21,M-552,Chennai,13.07599,80.27779,2026-10-05T10:02:58.011
A-000049,1005,460.41,M-779,Lucknow,26.85006,80.94729,2026-10-05T10:02:58.202
A-000050,1013,3351.86,M-643,Guwahati,26.142,91.72911,2026-10-05T10:02:58.241
B-000048,2017,150.1,M-724,Kolkata,22.57638,88.37112,2026-10-05T10:03:03.558
A-000051,1015,3956.79,M-162,Guwahati,26.15253,91.7391,2026-10-05T10:03:07.021
A-000052,1006,2248.02,M-459,Pune,18.51179,73.86217,2026-10-05T10:03:08.371
A-000053,1002,1929.99,M-470,Kochi,9.92977,76.26897,2026-10-05T10:03:10.616
B-000049,2010,838.35,M-839,Chennai,13.08265,80.26267,2026-10-05T10:03:12.723
A-000054,1011,4103.02,M-372,Kolkata,22.57349,88.36685,2026-10-05T10:03:12.829
B-000050,2020,1269.51,M-178,Mumbai,19.08025,72.87923,2026-10-05T10:03:17.185
A-000055,1019,2380.83,M-449,Pune,18.51658,73.86572,2026-10-05T10:03:22.785
A-000056,1018,2499.69,M-748,Jaipur,26.91798,75.77883,2026-10-05T10:03:27.604
B-000051,2006,2849.95,M-675,Kolkata,22.57916,88.35932,2026-10-05T10:03:31.328
A-000057,1008,713.0,M-578,Chennai,13.08079,80.264,2026-10-05T10:03:31.744
B-000052,2019,3277.23,M-708,Bengaluru,12.96385,77.59459,2026-10-05T10:03:33.459
A-000058,1007,2225.65,M-725,Lucknow,26.83762,80.95588,2026-10-05T10:03:35.308
B-000053,2003,127.32,M-286,Ahmedabad,23.02811,72.5742,2026-10-05T10:03:39.417
A-000059,1005,369.82,M-451,Lucknow,26.84234,80.94041,2026-10-05T10:03:44.825
A-000060,1012,3622.09,M-594,Jaipur,26.91651,75.78561,2026-10-05T10:03:45.934
A-000061,1006,2818.11,M-128,Pune,18.53002,73.85742,2026-10-05T10:03:50.095
A-000062,1003,941.71,M-160,Kolkata,22.56274,88.36806,2026-10-05T10:03:50.993
A-000063,1020,4807.84,M-971,Kolkata,22.56465,88.37082,2026-10-05T10:03:51.082
A-000064,1001,541.65,M-296,Jaipur,26.92011,75.78453,2026-10-05T10:03:53.824
B-000054,2004,739.95,M-550,Lucknow,26.83816,80.9374,2026-10-05T10:03:53.835
B-000055,2013,1546.07,M-505,Kolkata,22.56531,88.35404,2026-10-05T10:03:54.474
A-000065,1016,1793.63,M-661,Pune,18.5159,73.85936,2026-10-05T10:03:55.372
B-000056,2001,3156.23,M-890,Guwahati,26.14916,91.73877,2026-10-05T10:04:00.531
A-000066,1008,1207.46,M-185,Chennai,13.08454,80.27396,2026-10-05T10:04:02.169
A-000067,1018,1288.72,M-844,Jaipur,26.92052,75.78429,2026-10-05T10:04:04.214
B-000057,2002,1389.28,M-507,Hyderabad,17.38648,78.48729,2026-10-05T10:04:07.248
A-000068,1012,2638.31,M-239,Jaipur,26.92084,75.78746,2026-10-05T10:04:09.835
B-000058,2005,407.06,M-146,Hyderabad,17.38518,78.4867,2026-10-05T10:04:10.127
A-000069,1019,3996.75,M-179,Pune,18.51493,73.84945,2026-10-05T10:04:10.786
A-000070,1007,1561.13,M-606,Lucknow,26.84059,80.95013,2026-10-05T10:04:11.825
B-000059,2014,1517.84,M-773,Chennai,13.0744,80.27608,2026-10-05T10:04:19.740
A-000071,1014,2676.19,M-525,Bengaluru,12.97979,77.59113,2026-10-05T10:04:21.413
B-000060,2017,320.79,M-311,Kolkata,22.56538,88.35803,2026-10-05T10:04:21.932
A-000072,1005,191.35,M-966,Lucknow,26.84198,80.94597,2026-10-05T10:04:25.975
A-000073,1020,2004.91,M-193,Kolkata,22.57287,88.37052,2026-10-05T10:04:26.180
B-000061,2009,1462.74,M-407,Pune,18.5236,73.85112,2026-10-05T10:04:26.315
B-000062,2002,1646.48,M-290,Hyderabad,17.39421,78.47722,2026-10-05T10:04:31.383
A-000074,1017,1658.67,M-773,Jaipur,26.90603,75.78017,2026-10-05T10:04:31.622
A-000075,1018,1732.01,M-177,Jaipur,26.90546,75.79248,2026-10-05T10:04:34.547
A-000076,1004,1013.04,M-159,Ahmedabad,23.0156,72.56733,2026-10-05T10:04:34.681
B-000063,2006,2704.43,M-348,Kolkata,22.57491,88.36564,2026-10-05T10:04:37.076
A-000077,1011,1952.39,M-395,Kolkata,22.57758,88.36528,2026-10-05T10:04:38.675
A-000078,1008,1069.88,M-488,Chennai,13.08193,80.26171,2026-10-05T10:04:40.580
A-000079,1009,3471.83,M-851,Ahmedabad,23.02665,72.57011,2026-10-05T10:04:40.753
B-000064,2003,329.07,M-951,Ahmedabad,23.02256,72.57876,2026-10-05T10:04:55.569
A-000080,1013,2207.63,M-724,Guwahati,26.1381,91.7297,2026-10-05T10:04:57.965
A-000081,1016,2055.26,M-617,Pune,18.52235,73.8526,2026-10-05T10:05:05.770
A-000082,1009,2240.66,M-893,Ahmedabad,23.02482,72.57979,2026-10-05T10:05:09.268
B-000065,2020,1462.51,M-270,Mumbai,19.06711,72.88489,2026-10-05T10:05:11.657
A-000083,1018,2038.44,M-678,Jaipur,26.9176,75.78628,2026-10-05T10:05:15.201
A-000084,1002,1770.56,M-742,Kochi,9.92214,76.25949,2026-10-05T10:05:15.344
B-000066,2011,1466.03,M-819,Bengaluru,12.97112,77.59733,2026-10-05T10:05:17.893
A-000085,1012,3394.66,M-906,Jaipur,26.9182,75.7856,2026-10-05T10:05:20.986
B-000067,2001,2965.61,M-446,Guwahati,26.13717,91.73325,2026-10-05T10:05:24.103
A-000086,1019,1327.85,M-856,Pune,18.52055,73.8575,2026-10-05T10:05:27.931
A-000087,1016,1794.84,M-766,Pune,18.52444,73.86376,2026-10-05T10:05:33.853
B-000068,2010,1003.25,M-523,Chennai,13.09099,80.26811,2026-10-05T10:05:36.516
B-000069,2018,379.63,M-469,Kochi,9.93873,76.25917,2026-10-05T10:05:38.477
B-000070,2020,1320.79,M-840,Mumbai,19.06806,72.87918,2026-10-05T10:05:40.561
B-000071,2009,1239.47,M-279,Pune,18.52223,73.8614,2026-10-05T10:05:41.352
B-000072,2001,3043.99,M-812,Guwahati,26.15008,91.73549,2026-10-05T10:05:45.263
B-000073,2005,491.54,M-243,Hyderabad,17.37798,78.49456,2026-10-05T10:05:48.270
A-000088,1004,997.89,M-698,Ahmedabad,23.02746,72.56254,2026-10-05T10:05:50.627
B-000074,2011,1082.59,M-679,Bengaluru,12.97028,77.60029,2026-10-05T10:05:51.722
A-000089,1002,928.72,M-710,Kochi,9.93313,76.265,2026-10-05T10:05:53.553
B-000075,2006,1903.42,M-583,Kolkata,22.5646,88.36051,2026-10-05T10:05:54.623
B-000076,2008,279.82,M-622,Chennai,13.08436,80.26252,2026-10-05T10:05:55.855
A-000090,1006,2088.85,M-421,Pune,18.51909,73.86127,2026-10-05T10:05:58.471
B-000077,2010,1214.71,M-300,Chennai,13.0871,80.2666,2026-10-05T10:06:00.220
A-000091,1018,1698.11,M-915,Jaipur,26.91178,75.78993,2026-10-05T10:06:03.039
A-000092,1005,277.47,M-552,Lucknow,26.8563,80.93943,2026-10-05T10:06:03.523
A-000093,1020,4098.08,M-127,Kolkata,22.57162,88.36089,2026-10-05T10:06:05.571
B-000078,2007,338.4,M-976,Bengaluru,12.97675,77.58811,2026-10-05T10:06:07.215
B-000079,2002,1919.79,M-366,Hyderabad,17.38623,78.48194,2026-10-05T10:06:09.241
A-000094,1003,541.21,M-684,Kolkata,22.56688,88.35655,2026-10-05T10:06:09.499
A-000095,1001,860.71,M-181,Jaipur,26.90696,75.78309,2026-10-05T10:06:09.866
A-000096,1004,756.65,M-620,Ahmedabad,23.02312,72.56254,2026-10-05T10:06:14.261
A-000097,1002,2226.97,M-214,Kochi,9.92654,76.27012,2026-10-05T10:06:15.837
A-000098,1014,2347.61,M-643,Bengaluru,12.97239,77.60403,2026-10-05T10:06:16.977
A-000099,1007,1671.1,M-981,Lucknow,26.85045,80.95405,2026-10-05T10:06:19.670
B-000080,2012,2929.45,M-749,Chennai,13.07578,80.27493,2026-10-05T10:06:19.867
B-000081,2003,3322.17,M-826,Ahmedabad,23.01579,72.56785,2026-10-05T10:06:21.832
A-000100,1019,1557.14,M-266,Pune,18.51302,73.85423,2026-10-05T10:06:22.139
B-000082,2015,987.1,M-204,Hyderabad,17.39117,78.47795,2026-10-05T10:06:22.224
B-000083,2004,574.72,M-982,Lucknow,26.8435,80.93907,2026-10-05T10:06:23.231
A-000101,1008,801.14,M-384,Chennai,13.07945,80.27829,2026-10-05T10:06:23.460
A-000102,1018,1791.8,M-562,Jaipur,26.91255,75.78351,2026-10-05T10:06:23.582
B-000084,2017,446.65,M-272,Kolkata,22.57325,88.36584,2026-10-05T10:06:25.589
A-000103,1006,2258.24,M-859,Pune,18.52653,73.86044,2026-10-05T10:06:26.479
A-000104,1001,663.38,M-463,Jaipur,26.91908,75.78055,2026-10-05T10:06:30.322
B-000085,2014,1607.48,M-760,Chennai,13.08495,80.27196,2026-10-05T10:06:30.897
B-000086,2005,257.46,M-857,Hyderabad,17.37825,78.49651,2026-10-05T10:06:31.827
A-000105,1011,2435.13,M-378,Kolkata,22.56868,88.36195,2026-10-05T10:06:32.995
A-000106,1014,2942.6,M-593,Bengaluru,12.96489,77.60288,2026-10-05T10:06:40.497
A-000107,1016,2773.51,M-333,Pune,18.52771,73.8553,2026-10-05T10:06:42.913
B-000087,2018,754.3,M-316,Kochi,9.93109,76.26376,2026-10-05T10:06:44.782
B-000088,2018,691.53,M-316,Kochi,9.93109,76.26376,2026-10-05T10:06:46.909
B-000089,2003,277.97,M-664,Ahmedabad,23.01408,72.56533,2026-10-05T10:06:48.143
A-000108,1012,2575.62,M-701,Jaipur,26.90806,75.78327,2026-10-05T10:06:49.203
A-000109,1005,328.62,M-807,Lucknow,26.83689,80.9377,2026-10-05T10:06:49.924
B-000090,2018,1276.25,M-316,Kochi,9.93109,76.26376,2026-10-05T10:06:49.977
B-000091,2019,1206.8,M-959,Bengaluru,12.96793,77.59234,2026-10-05T10:06:50.167
B-000092,2007,259.93,M-510,Bengaluru,12.97015,77.59116,2026-10-05T10:06:50.656
A-000110,1015,2324.53,M-565,Guwahati,26.13694,91.74316,2026-10-05T10:06:51.675
B-000093,2005,557.89,M-601,Hyderabad,17.38515,78.48689,2026-10-05T10:06:52.401
B-000094,2018,1904.07,M-316,Kochi,9.93109,76.26376,2026-10-05T10:06:52.413
B-000095,2010,953.92,M-770,Chennai,13.08937,80.27069,2026-10-05T10:06:53.364
B-000096,2009,1918.07,M-758,Pune,18.52031,73.86615,2026-10-05T10:06:54.492
B-000097,2018,620.05,M-316,Kochi,9.93109,76.26376,2026-10-05T10:06:55.272
B-000098,2001,2385.02,M-568,Guwahati,26.1372,91.74052,2026-10-05T10:06:55.970
B-000099,2015,2970.09,M-216,Hyderabad,17.38232,78.48064,2026-10-05T10:07:01.796
A-000111,1002,1518.5,M-836,Kochi,9.92126,76.27174,2026-10-05T10:07:02.366
A-000112,1009,2098.15,M-204,Ahmedabad,23.02644,72.56743,2026-10-05T10:07:02.461
A-000113,1019,1269.17,M-838,Pune,18.52289,73.86475,2026-10-05T10:07:02.463
B-000100,2002,2245.95,M-602,Hyderabad,17.38724,78.49058,2026-10-05T10:07:05.727
A-000114,1009,2982.1,M-204,Ahmedabad,23.02644,72.56743,2026-10-05T10:07:05.891
A-000115,1009,2101.81,M-204,Ahmedabad,23.02644,72.56743,2026-10-05T10:07:08.043
A-000116,1009,1576.98,M-204,Ahmedabad,23.02644,72.56743,2026-10-05T10:07:11.424
A-000117,1017,1047.69,M-864,Jaipur,26.91506,75.77791,2026-10-05T10:07:13.418
A-000118,1009,2548.22,M-204,Ahmedabad,23.02644,72.56743,2026-10-05T10:07:14.678
B-000101,2012,1813.63,M-415,Chennai,13.07991,80.26253,2026-10-05T10:07:15.241
B-000102,2005,402.15,M-789,Hyderabad,17.39131,78.48407,2026-10-05T10:07:20.362
A-000119,1020,2667.95,M-183,Kolkata,22.57008,88.36162,2026-10-05T10:07:24.717
B-000103,2020,527.86,M-136,Mumbai,19.06958,72.88691,2026-10-05T10:07:26.707
B-000104,2014,1704.95,M-540,Chennai,13.08775,80.28001,2026-10-05T10:07:27.729
A-000120,1005,530.81,M-251,Lucknow,26.85339,80.94785,2026-10-05T10:07:31.534
B-000105,2017,203.86,M-978,Kolkata,22.56839,88.35925,2026-10-05T10:07:33.456
B-000106,2003,190.66,M-756,Ahmedabad,23.02479,72.56327,2026-10-05T10:07:34.046
B-000107,2015,2109.37,M-701,Hyderabad,17.38694,78.48893,2026-10-05T10:07:35.216
B-000108,2001,2063.67,M-584,Guwahati,26.14246,91.74251,2026-10-05T10:07:35.359
A-000121,1015,1836.44,M-151,Guwahati,26.14729,91.74562,2026-10-05T10:07:37.080
B-000109,2008,361.21,M-677,Chennai,13.07534,80.26901,2026-10-05T10:07:40.968
B-000110,2004,1034.59,M-233,Lucknow,26.85392,80.95571,2026-10-05T10:07:41.278
A-000122,1013,4680.44,M-246,Guwahati,26.13932,91.74446,2026-10-05T10:07:42.076
A-000123,1002,1323.84,M-991,Kochi,9.92477,76.27555,2026-10-05T10:07:44.180
A-000124,1007,2150.4,M-812,Lucknow,26.8452,80.93972,2026-10-05T10:07:44.986
B-000111,2005,225.0,M-993,Hyderabad,17.38115,78.49468,2026-10-05T10:07:50.428
A-000125,1012,2890.18,M-595,Jaipur,26.91971,75.78623,2026-10-05T10:07:57.513
A-000126,1005,297.88,M-981,Lucknow,26.84399,80.95486,2026-10-05T10:08:01.353
A-000127,1013,1671.61,M-923,Guwahati,26.14369,91.73954,2026-10-05T10:08:04.635
A-000128,1014,4375.21,M-579,Bengaluru,12.97901,77.60068,2026-10-05T10:08:05.767
B-000112,2001,1329.22,M-899,Guwahati,26.13832,91.73334,2026-10-05T10:08:06.208
B-000113,2015,1408.94,M-789,Hyderabad,17.38416,78.48015,2026-10-05T10:08:07.432
A-000129,1008,2383.71,M-119,Chennai,13.07775,80.26234,2026-10-05T10:08:09.252
B-000114,2002,1560.26,M-830,Hyderabad,17.37648,78.48015,2026-10-05T10:08:16.104
B-000115,2019,2036.48,M-888,Bengaluru,12.97526,77.59985,2026-10-05T10:08:17.179
B-000116,2010,1681.2,M-840,Chennai,13.08797,80.27047,2026-10-05T10:08:18.379
A-000130,1018,1332.1,M-975,Jaipur,26.90814,75.79019,2026-10-05T10:08:19.792
A-000131,1002,2829.73,M-482,Kochi,9.93135,76.26128,2026-10-05T10:08:20.768
A-000132,1010,1018.41,M-229,Lucknow,26.84275,80.95036,2026-10-05T10:08:21.223
A-000133,1020,2687.71,M-765,Kolkata,22.58122,88.37068,2026-10-05T10:08:25.379
A-000134,1017,1058.35,M-965,Jaipur,26.91353,75.7796,2026-10-05T10:08:25.842
B-000117,2008,228.19,M-505,Chennai,13.08884,80.27517,2026-10-05T10:08:27.042
A-000135,1017,1253.27,M-965,Jaipur,26.91353,75.7796,2026-10-05T10:08:28.267
A-000136,1013,2530.94,M-453,Guwahati,26.14543,91.72768,2026-10-05T10:08:29.596
A-000137,1017,791.2,M-965,Jaipur,26.91353,75.7796,2026-10-05T10:08:31.581
B-000118,2005,211.56,M-691,Hyderabad,17.39066,78.49222,2026-10-05T10:08:31.930
A-000138,1007,1813.97,M-567,Lucknow,26.84168,80.95317,2026-10-05T10:08:32.214
A-000139,1008,1134.41,M-170,Chennai,13.09174,80.26518,2026-10-05T10:08:33.899
A-000140,1017,1011.52,M-965,Jaipur,26.91353,75.7796,2026-10-05T10:08:34.029
B-000119,2014,738.35,M-326,Chennai,13.08386,80.27445,2026-10-05T10:08:36.152
A-000141,1017,1460.85,M-965,Jaipur,26.91353,75.7796,2026-10-05T10:08:36.246
B-000120,2010,1329.18,M-273,Chennai,13.07606,80.2766,2026-10-05T10:08:41.204
B-000121,2017,317.95,M-868,Kolkata,22.5789,88.35661,2026-10-05T10:08:43.506
A-000142,1015,3147.65,M-170,Guwahati,26.13702,91.73749,2026-10-05T10:08:44.575
A-000143,1001,596.5,M-723,Jaipur,26.92113,75.79026,2026-10-05T10:08:45.050
B-000122,2018,771.22,M-505,Kochi,9.93928,76.26061,2026-10-05T10:08:50.548
A-000144,1018,1128.1,M-910,Jaipur,26.91009,75.78891,2026-10-05T10:08:53.317
B-000123,2008,311.5,M-654,Chennai,13.08117,80.27471,2026-10-05T10:08:55.785
A-000145,1012,2039.42,M-429,Jaipur,26.91327,75.78641,2026-10-05T10:08:58.356
B-000124,2001,1229.2,M-550,Guwahati,26.14324,91.7342,2026-10-05T10:09:05.463
B-000125,2010,698.24,M-757,Chennai,13.07638,80.27849,2026-10-05T10:09:06.494
B-000126,2011,2096.74,M-800,Bengaluru,12.96702,77.60308,2026-10-05T10:09:06.836
A-000146,1006,2920.66,M-438,Pune,18.51903,73.86568,2026-10-05T10:09:10.471
B-000127,2020,2124.95,M-429,Mumbai,19.08081,72.87609,2026-10-05T10:09:11.336
A-000147,1015,3908.82,M-338,Guwahati,26.14623,91.74246,2026-10-05T10:09:11.733
A-000148,1014,1999.27,M-565,Bengaluru,12.96188,77.59533,2026-10-05T10:09:13.831
B-000128,2009,2717.07,M-252,Pune,18.51677,73.85503,2026-10-05T10:09:15.847
B-000129,2019,1025.5,M-161,Bengaluru,12.96188,77.58891,2026-10-05T10:09:18.065
B-000130,2012,2217.5,M-541,Chennai,13.07474,80.26245,2026-10-05T10:09:19.209
A-000149,1012,1946.5,M-425,Jaipur,26.91952,75.78552,2026-10-05T10:09:22.065
B-000131,2005,328.05,M-489,Hyderabad,17.38942,78.49219,2026-10-05T10:09:23.804
B-000132,2015,2402.06,M-237,Hyderabad,17.38729,78.4784,2026-10-05T10:09:24.876
B-000133,2006,3642.87,M-588,Kolkata,22.5813,88.37147,2026-10-05T10:09:25.406
A-000150,1008,1573.45,M-304,Chennai,13.08778,80.27969,2026-10-05T10:09:30.549
A-000151,1007,1188.79,M-424,Lucknow,26.84732,80.94738,2026-10-05T10:09:33.025
A-000152,1005,202.45,M-462,Lucknow,26.85034,80.94954,2026-10-05T10:09:33.947
A-000153,1019,2222.73,M-554,Pune,18.52393,73.85145,2026-10-05T10:09:35.996
A-000154,1010,1371.0,M-602,Lucknow,26.83923,80.95357,2026-10-05T10:09:37.179
B-000134,2012,2378.42,M-462,Chennai,13.08086,80.26123,2026-10-05T10:09:41.314
B-000135,2020,789.41,M-789,Mumbai,19.07743,72.87009,2026-10-05T10:09:43.861
A-000155,1018,3669.14,M-613,Jaipur,26.90616,75.7894,2026-10-05T10:09:46.803
B-000136,2019,2986.25,M-885,Bengaluru,12.96733,77.59885,2026-10-05T10:09:55.210
B-000137,2009,1450.66,M-330,Pune,18.52116,73.85152,2026-10-05T10:09:55.753
B-000138,2013,1042.12,M-442,Kolkata,22.57868,88.36049,2026-10-05T10:09:59.156
A-000156,1013,2511.15,M-209,Guwahati,26.15449,91.74327,2026-10-05T10:09:59.414
B-000139,2017,173.19,M-792,Kolkata,22.57917,88.36913,2026-10-05T10:10:03.027
B-000140,2004,6005.36,M-225,Lucknow,26.83882,80.94103,2026-10-05T10:10:03.380
A-000157,1012,4131.55,M-779,Jaipur,26.91863,75.78502,2026-10-05T10:10:03.813
B-000141,2014,1353.34,M-612,Chennai,13.08815,80.27247,2026-10-05T10:10:06.384
B-000142,2002,1853.4,M-427,Hyderabad,17.38864,78.49361,2026-10-05T10:10:13.116
B-000143,2011,1670.8,M-312,Bengaluru,12.98018,77.59089,2026-10-05T10:10:18.857
A-000158,1011,2609.93,M-542,Kolkata,22.56421,88.3547,2026-10-05T10:10:19.401
B-000144,2005,173.37,M-212,Hyderabad,17.37563,78.49566,2026-10-05T10:10:19.943
B-000145,2012,2762.65,M-112,Chennai,13.08839,80.27797,2026-10-05T10:10:23.664
B-000146,2004,524.71,M-493,Lucknow,26.83864,80.942,2026-10-05T10:10:25.395
A-000159,1016,1239.6,M-420,Pune,18.51837,73.86129,2026-10-05T10:10:26.474
A-000160,1010,961.99,M-358,Lucknow,26.84351,80.95551,2026-10-05T10:10:27.529
A-000161,1020,2586.13,M-583,Kolkata,22.56337,88.37225,2026-10-05T10:10:28.086
B-000147,2001,3565.47,M-609,Guwahati,26.15397,91.73612,2026-10-05T10:10:32.245
A-000162,1012,4156.7,M-229,Jaipur,26.90544,75.7966,2026-10-05T10:10:33.643
A-000163,1005,268.4,M-985,Lucknow,26.83979,80.9548,2026-10-05T10:10:36.721
B-000148,2013,1072.96,M-407,Kolkata,22.57562,88.36579,2026-10-05T10:10:38.619
B-000149,2018,1289.23,M-193,Kochi,9.9363,76.26588,2026-10-05T10:10:42.912
B-000150,2005,241.21,M-308,Hyderabad,17.38338,78.48496,2026-10-05T10:10:43.184
B-000151,2017,270.45,M-484,Kolkata,22.57525,88.36646,2026-10-05T10:10:44.854
B-000152,2002,2718.57,M-407,Hyderabad,17.386,78.48251,2026-10-05T10:10:45.319
B-000153,2009,1116.39,M-675,Pune,18.52652,73.86499,2026-10-05T10:10:45.495
B-000154,2014,1406.87,M-951,Chennai,13.09111,80.26242,2026-10-05T10:10:45.781
A-000164,1004,1294.87,M-692,Bengaluru,12.98043,77.59599,2026-10-05T10:10:47.909
B-000155,2004,919.9,M-933,Lucknow,26.85595,80.95425,2026-10-05T10:10:48.652
A-000165,1016,1467.17,M-585,Pune,18.51789,73.84975,2026-10-05T10:10:49.577
A-000166,1011,3721.47,M-790,Kolkata,22.56312,88.35848,2026-10-05T10:10:55.706
A-000167,1003,924.71,M-196,Kolkata,22.57206,88.36204,2026-10-05T10:10:56.619
B-000156,2011,1983.4,M-178,Bengaluru,12.97585,77.59257,2026-10-05T10:10:58.157
B-000157,2005,3392.52,M-853,Hyderabad,17.39341,78.49416,2026-10-05T10:11:06.860
B-000158,2002,3995.62,M-912,Hyderabad,17.39355,78.48945,2026-10-05T10:11:07.534
B-000159,2001,1635.66,M-534,Guwahati,26.13983,91.72785,2026-10-05T10:11:11.507
A-000168,1007,2282.14,M-661,Lucknow,26.8468,80.95281,2026-10-05T10:11:11.836
B-000160,2006,3416.68,M-160,Kolkata,22.56834,88.35961,2026-10-05T10:11:14.931
A-000169,1012,2518.24,M-550,Jaipur,26.91979,75.79478,2026-10-05T10:11:17.423
B-000161,2010,2002.2,M-937,Chennai,13.08948,80.26219,2026-10-05T10:11:20.801
B-000162,2009,1536.32,M-361,Pune,18.521,73.85447,2026-10-05T10:11:28.069
A-000170,1010,2047.73,M-175,Lucknow,26.85314,80.94421,2026-10-05T10:11:29.856
A-000171,1018,1488.12,M-353,Jaipur,26.91249,75.78075,2026-10-05T10:11:31.943
A-000172,1011,4193.87,M-788,Kolkata,22.58162,88.37389,2026-10-05T10:11:32.297
A-000173,1009,2120.94,M-972,Ahmedabad,23.02712,72.56677,2026-10-05T10:11:43.144
A-000174,1006,3047.25,M-619,Pune,18.51289,73.8647,2026-10-05T10:11:47.399
B-000163,2013,1045.61,M-398,Kolkata,22.58189,88.37327,2026-10-05T10:11:50.158
B-000164,2006,2596.38,M-279,Kolkata,22.57706,88.37263,2026-10-05T10:11:58.688
B-000165,2017,269.49,M-627,Kolkata,22.5802,88.35576,2026-10-05T10:11:59.686
A-000175,1002,2477.37,M-100,Kochi,9.93677,76.26791,2026-10-05T10:12:01.186
A-000176,1001,892.01,M-755,Kochi,9.92879,76.27709,2026-10-05T10:12:03.875
A-000177,1015,2221.65,M-979,Guwahati,26.15251,91.72626,2026-10-05T10:12:04.519
B-000166,2001,1282.75,M-428,Guwahati,26.15095,91.73711,2026-10-05T10:12:09.225
B-000167,2008,232.41,M-846,Chennai,13.08808,80.27602,2026-10-05T10:12:09.280
A-000178,1003,568.87,M-846,Kolkata,22.57107,88.36324,2026-10-05T10:12:09.875
A-000179,1009,1695.06,M-784,Ahmedabad,23.02751,72.5728,2026-10-05T10:12:11.152
A-000180,1010,1429.25,M-411,Lucknow,26.83973,80.95242,2026-10-05T10:12:15.489
A-000181,1014,2145.63,M-753,Bengaluru,12.96684,77.59222,2026-10-05T10:12:17.983
B-000168,2004,494.3,M-610,Lucknow,26.84295,80.95146,2026-10-05T10:12:20.451
B-000169,2014,1160.3,M-587,Chennai,13.07684,80.27036,2026-10-05T10:12:21.023
A-000182,1007,1725.55,M-869,Lucknow,26.85393,80.9452,2026-10-05T10:12:21.938
B-000170,2005,534.8,M-778,Hyderabad,17.38537,78.48792,2026-10-05T10:12:24.618
A-000183,1006,2015.76,M-230,Pune,18.51845,73.85261,2026-10-05T10:12:25.010
B-000171,2011,1218.32,M-793,Bengaluru,12.97293,77.60159,2026-10-05T10:12:25.847
B-000172,2007,255.95,M-354,Bengaluru,12.96441,77.59107,2026-10-05T10:12:26.982
A-000184,1008,763.0,M-323,Guwahati,26.14789,91.73748,2026-10-05T10:12:32.791
A-000185,1009,2002.92,M-317,Ahmedabad,23.02952,72.56504,2026-10-05T10:12:32.973
A-000186,1020,3329.02,M-105,Kolkata,22.57671,88.36287,2026-10-05T10:12:33.480
A-000187,1015,2825.96,M-234,Guwahati,26.1367,91.74353,2026-10-05T10:12:34.725
B-000173,2018,963.44,M-109,Kochi,9.92572,76.2709,2026-10-05T10:12:34.807
A-000188,1003,955.72,M-211,Kolkata,22.57716,88.36991,2026-10-05T10:12:39.283
A-000189,1018,2146.0,M-496,Jaipur,26.90968,75.79566,2026-10-05T10:12:40.500
B-000174,2010,1726.58,M-336,Chennai,13.08095,80.27755,2026-10-05T10:12:42.802
B-000175,2008,434.95,M-990,Chennai,13.09256,80.26835,2026-10-05T10:12:53.752
A-000190,1010,885.47,M-710,Lucknow,26.84786,80.94452,2026-10-05T10:12:53.833
B-000176,2019,1610.01,M-730,Bengaluru,12.96325,77.59533,2026-10-05T10:12:54.046
A-000191,1016,3583.62,M-675,Pune,18.52153,73.85843,2026-10-05T10:12:56.600
A-000192,1014,4972.04,M-164,Bengaluru,12.97991,77.58903,2026-10-05T10:13:01.583
B-000177,2011,2293.66,M-805,Bengaluru,12.97671,77.5874,2026-10-05T10:13:06.211
A-000193,1011,4113.19,M-631,Kolkata,22.57786,88.3574,2026-10-05T10:13:07.902
B-000178,2005,329.31,M-645,Hyderabad,17.39413,78.48589,2026-10-05T10:13:16.135
A-000194,1013,1802.68,M-402,Guwahati,26.146,91.74605,2026-10-05T10:13:17.032
B-000179,2006,1741.51,M-956,Kolkata,22.58128,88.35463,2026-10-05T10:13:18.334
B-000180,2016,1992.24,M-960,Ahmedabad,23.02619,72.56971,2026-10-05T10:13:18.563
A-000195,1009,1919.15,M-382,Ahmedabad,23.01809,72.57332,2026-10-05T10:13:19.147
B-000181,2019,1484.37,M-758,Bengaluru,12.97686,77.5976,2026-10-05T10:13:24.605
A-000196,1017,1156.45,M-419,Jaipur,26.91147,75.78045,2026-10-05T10:13:24.610
B-000182,2015,1738.4,M-244,Hyderabad,17.37734,78.48417,2026-10-05T10:13:27.557
B-000183,2013,1995.06,M-433,Kolkata,22.58196,88.36954,2026-10-05T10:13:31.091
A-000197,1015,1986.37,M-859,Guwahati,26.13798,91.72725,2026-10-05T10:13:37.039
B-000184,2018,624.27,M-810,Kochi,9.92361,76.27451,2026-10-05T10:13:37.739
B-000185,2020,1971.83,M-510,Mumbai,19.08209,72.88733,2026-10-05T10:13:37.918
B-000186,2002,1726.24,M-342,Hyderabad,17.3947,78.49254,2026-10-05T10:13:39.714
A-000198,1011,6521.17,M-750,Kolkata,22.56623,88.36561,2026-10-05T10:13:39.862
B-000187,2004,993.59,M-568,Lucknow,26.8385,80.94406,2026-10-05T10:13:40.640
B-000188,2007,139.76,M-437,Bengaluru,12.97053,77.58994,2026-10-05T10:13:41.843
A-000199,1020,2375.55,M-533,Kolkata,22.5814,88.36608,2026-10-05T10:13:42.409
B-000189,2001,1698.82,M-834,Guwahati,26.14041,91.73512,2026-10-05T10:13:45.647
A-000200,1019,3097.03,M-344,Pune,18.52608,73.85138,2026-10-05T10:13:49.495
B-000190,2019,4691.95,M-544,Bengaluru,12.96276,77.58632,2026-10-05T10:13:53.805
B-000191,2011,2103.27,M-547,Bengaluru,12.98109,77.58567,2026-10-05T10:13:56.846
B-000192,2005,290.39,M-758,Hyderabad,17.39044,78.49112,2026-10-05T10:13:59.971
A-000201,1005,223.8,M-901,Lucknow,26.84029,80.95469,2026-10-05T10:14:01.894
B-000193,2013,905.7,M-677,Kolkata,22.57046,88.35618,2026-10-05T10:14:04.092
B-000194,2015,2036.95,M-290,Hyderabad,17.37776,78.48437,2026-10-05T10:14:06.022
A-000202,1012,1725.82,M-436,Jaipur,26.91035,75.77891,2026-10-05T10:14:06.338
B-000195,2014,1384.64,M-123,Chennai,13.07359,80.27492,2026-10-05T10:14:08.950
B-000196,2001,2100.08,M-990,Guwahati,26.14153,91.72705,2026-10-05T10:14:11.913
A-000203,1011,2530.27,M-264,Kolkata,22.56902,88.35599,2026-10-05T10:14:13.228
A-000204,1003,722.46,M-385,Kolkata,22.57157,88.36234,2026-10-05T10:14:14.749
B-000197,2008,559.17,M-995,Chennai,13.0743,80.27998,2026-10-05T10:14:20.500
B-000198,2010,824.55,M-731,Chennai,13.07391,80.27345,2026-10-05T10:14:20.716
A-000205,1007,1179.76,M-741,Lucknow,26.85202,80.94663,2026-10-05T10:14:32.440
B-000199,2006,2087.14,M-396,Kolkata,22.58133,88.37314,2026-10-05T10:14:33.178
B-000200,2016,1900.87,M-325,Ahmedabad,23.02381,72.57732,2026-10-05T10:14:35.227
A-000206,1011,1868.54,M-933,Kolkata,22.56836,88.3728,2026-10-05T10:14:38.690
A-000207,1020,2091.83,M-529,Kolkata,22.56862,88.35485,2026-10-05T10:14:40.378
A-000208,1010,1545.14,M-553,Lucknow,26.84715,80.94521,2026-10-05T10:14:43.263
A-000209,1006,1408.25,M-278,Pune,18.51798,73.86166,2026-10-05T10:14:43.731
B-000201,2013,594.22,M-825,Kolkata,22.56314,88.36844,2026-10-05T10:14:46.019
A-000210,1002,1976.21,M-951,Kochi,9.92344,76.26456,2026-10-05T10:14:47.517
A-000211,1017,2038.52,M-153,Jaipur,26.91375,75.779,2026-10-05T10:14:48.822
B-000202,2007,147.11,M-809,Bengaluru,12.96183,77.59767,2026-10-05T10:14:49.516
B-000203,2020,905.74,M-435,Mumbai,19.07165,72.8846,2026-10-05T10:14:49.735
B-000204,2005,430.81,M-385,Hyderabad,17.38468,78.49585,2026-10-05T10:14:54.154
B-000205,2008,400.3,M-650,Chennai,13.07966,80.26427,2026-10-05T10:14:57.814
B-000206,2010,1065.46,M-393,Chennai,13.08714,80.27141,2026-10-05T10:14:57.842
A-000212,1009,2313.4,M-516,Ahmedabad,23.01632,72.56623,2026-10-05T10:14:58.329
A-000213,1011,1873.7,M-985,Kolkata,22.56492,88.36935,2026-10-05T10:14:58.877
